{
  "heightDifferences": 1.0,
  "holeCount": -6.943517540739874,
  "futureLinesVanished": 1.8546977346091378,
  "pointsForX": 1.2072444250184724,
  "pointsForY": 1.0,
  "pointsForFlatObjects": 1.0
}